artist_name,channel_handle,channel_id,rank
RPT MCK,@hoanglongmck,UC8EB7c0E_TS4tpTQwMtv6fw,1
Hngle,@HNGLE,UCo8FtF_AhCOZ0feQOt6_NQQ,2
Dangrangto,@Dangrangto,UCiYnPsQGCmqqxaAxo9j178g,3
Quốc Thiên,@QUOCTHIENOFFICIAL,UCTtZe0UfxgkY54YptywceTw,4
GREY D,@GreyDST319,UCJ1-hqEyFm0TjHq-RjT-_Mg,5
HIEUTHUHAI,@HIEUTHUHAIOFFICIAL,UCe8b9jSSD-bNabF4hkNN5PQ,6
Obito,@TobieeOfficial,UCJwp8w_Ru1q--tCEfrPIA6g,7
Sơn Tùng M-TP,@Sontungmtp,UClyA28-01x4z60eWQ2kiNbA,8
buitruonglinh,@buitruonglinh,UCPLUuGVDDfjFRAhVq2FnOGA,9
W/N,@Winhmm,UC6UrwtJjV4xPxxZo-ZEpQYA,10
